Id,Churn
0,0.04881515183672241
1,0.666578924299654
2,0.6463258688804506
3,0.0222690425875474
4,0.01180029730026203
5,0.10210785161927746
6,0.4208641364540675
7,0.2677386891526003
8,0.08170115280025796
9,0.28690507087831063
10,0.2551935994588079
11,0.20196291245872902
12,0.308252129695476
13,0.12491756979008004
14,0.02072776138769257
15,0.03540297546251083
16,0.18897136849264312
17,0.3297138938528663
18,0.03537086242859346
19,0.03958393154771441
20,0.19381869589731898
21,0.028924185698786603
22,0.7657565396215058
23,0.43171243128294867
24,0.14520128440362526
25,0.417047815865687
26,0.14301239631181606
27,0.025129269786460746
28,0.04247418290062845
29,0.012005480441592815
30,0.582001798684228
31,0.2840928196321296
32,0.7425614357801584
33,0.529508235399354
34,0.10734288430133117
35,0.05690062814837778
36,0.5316760794161389
37,0.0472067742393572
38,0.11026521335199053
39,0.060640409017934244
40,0.3401041237521476
41,0.6371536747185266
42,0.41409416469237353
43,0.23888659177217622
44,0.3584463993887033
45,0.31424319136231144
46,0.23244942923149398
47,0.11979350224887628
48,0.23789606257114942
49,0.23537252757612168
50,0.35265227530358173
51,0.7303692499441867
52,0.26634890150753815
53,0.08836804859452237
54,0.4462393977328556
55,0.013992426383055099
56,0.02516770688686306
57,0.5983428542116059
58,0.6496141040620327
59,0.24287971686966392
60,0.030313528224318306
61,0.5450937602080257
62,0.14466289493486215
63,0.2092385904075263
64,0.7512525064313088
65,0.013252165029686166
66,0.18090576333784955
67,0.44553235531797436
68,0.023729194440006693
69,0.5924463830454602
70,0.5576313331422199
71,0.6398388940226255
72,0.08095024991906705
73,0.5333478192543017
74,0.8359671693490728
75,0.027878797463199274
76,0.14823070104184574
77,0.08553517373987012
78,0.15184928351375165
79,0.019135944561072486
80,0.44558294892084427
81,0.7238464820585288
82,0.7580907158577622
83,0.20389489481596676
84,0.23789606257114942
85,0.05306947456140783
86,0.07645752272566438
87,0.30944564897061766
88,0.277666695925074
89,0.23789606257114942
90,0.11168167306496726
91,0.17918211957796812
92,0.8324478254734505
93,0.7719728165136314
94,0.01268741361256842
95,0.04021326621417922
96,0.15130148346601477
97,0.6972218699383845
98,0.2632197593778149
99,0.5910877604228927
100,0.028308554262240552
101,0.8102398872429893
102,0.01180029730026203
103,0.519517141397044
104,0.013457540269521215
105,0.7670997944223228
106,0.31633136961422037
107,0.13282857953518387
108,0.02283651639257118
109,0.1918768284024843
110,0.11030141021194825
111,0.08489237820146277
112,0.5346139764878866
113,0.34181122203767916
114,0.018305481236372635
115,0.7814059778702238
116,0.025298052379720954
117,0.01239598532730659
118,0.027633542013874572
119,0.7482035948035534
120,0.12614946772473784
121,0.048356951987651414
122,0.3178510007188388
123,0.34296523746116503
124,0.2164007126656458
125,0.2066933447541781
126,0.6828104914238584
127,0.2535132709650244
128,0.19641326455529065
129,0.21247090134013843
130,0.12202090079606383
131,0.05807381451177029
132,0.012336455488533883
133,0.03880346111383544
134,0.26568940363125737
135,0.04980700720277372
136,0.061772154464622635
137,0.012224669547730044
138,0.09036048837721372
139,0.10999300898186173
140,0.02356439795432485
141,0.031229347604782118
142,0.10766425303690541
143,0.10057631085139025
144,0.26958504841269326
145,0.12398749295965468
146,0.2976670756829686
147,0.01667190203290835
148,0.013488037335380745
149,0.6372522725795219
150,0.03913411534632415
151,0.5545219904632526
152,0.3725408600652244
153,0.02832569593033895
154,0.30078188172821546
155,0.7630279933925028
156,0.03376376984374926
157,0.12311870026051863
158,0.06954848774716843
159,0.13030020707791953
160,0.2654695642359849
161,0.6898606822162251
162,0.10364894085386381
163,0.06506620619499795
164,0.5407049285550212
165,0.07302057919623613
166,0.047150225055077724
167,0.14459258419605053
168,0.02073241240342254
169,0.6153379909384767
170,0.7832332529523441
171,0.03613656595585504
172,0.38519737901851847
173,0.33860309030743485
174,0.11726310333998505
175,0.572535187082952
176,0.09971203192004735
177,0.08228428913069104
178,0.024180483516594915
179,0.7929469502211137
180,0.13554013182177987
181,0.09224064603353646
182,0.04586967153783043
183,0.10626888310242981
184,0.1300570802430093
185,0.02537133098333578
186,0.12282883835946061
187,0.013262881572662416
188,0.025313992799183428
189,0.03540908857209148
190,0.022368210549180496
191,0.012911921784920094
192,0.13448199176652073
193,0.04144362914810669
194,0.4288965065439169
195,0.1346676919177745
196,0.040098522216954605
197,0.137303918431089
198,0.3208901045373416
199,0.5265333245415561
200,0.5008434542842005
201,0.6511026517718373
202,0.16122352393467745
203,0.5994442953584626
204,0.15231843221271993
205,0.01547746323042492
206,0.12330128129129564
207,0.5884599682873864
208,0.6998624775825139
209,0.5098507184047483
210,0.3035837909723146
211,0.07522338741401204
212,0.5681802139746354
213,0.01853114834002122
214,0.025353890954917815
215,0.5594236523091516
216,0.8386894166339213
217,0.761613703786882
218,0.1885366201256543
219,0.4841086778407439
220,0.41944469694777275
221,0.03970687366095179
222,0.05316918817021222
223,0.13052306968875532
224,0.03032800533326419
225,0.6103554586443055
226,0.25475319565551446
227,0.07636142923805944
228,0.4886406778254305
229,0.34724350556976563
230,0.011536807564371067
231,0.02000219324402884
232,0.28507779016232027
233,0.012240476263525625
234,0.020022869416514533
235,0.026987128710180164
236,0.7301526393553117
237,0.2859376053917022
238,0.07853100154705032
239,0.36671850446130116
240,0.19086040100216173
241,0.03410540625315481
242,0.154459815975252
243,0.4387040855437551
244,0.049095681357713104
245,0.11154293785087975
246,0.023629860284898902
247,0.011031059984502394
248,0.08193659767773719
249,0.03127979169882101
250,0.011721934166614337
251,0.026458125711340586
252,0.0947344702678476
253,0.4083522646693199
254,0.342810339133705
255,0.6367946265560805
256,0.09244637818693163
257,0.14183479509081576
258,0.18670657171512192
259,0.6696105773098937
260,0.10769928225207645
261,0.3174457276224769
262,0.2087727540821063
263,0.4997125859242122
264,0.6221925854862866
265,0.30191627488930045
266,0.6013149650928599
267,0.373198565468733
268,0.23292887220702133
269,0.11606229587780673
270,0.01952489834598283
271,0.013879749893950844
272,0.28195672194438753
273,0.5092754901701116
274,0.07342711904012451
275,0.3381397184601946
276,0.05744861886935902
277,0.07054852763477275
278,0.1402412038597034
279,0.03982382702508304
280,0.5876955572361354
281,0.06505217958991237
282,0.527510606871657
283,0.012380366237126409
284,0.15811962749600872
285,0.013180660941177928
286,0.02336644909487262
287,0.011536807564371067
288,0.12368823357075776
289,0.6924550567113021
290,0.47116673576823487
291,0.5529522767972995
292,0.044664669539414024
293,0.4771514055715296
294,0.5344335293803495
295,0.08108701776960023
296,0.11378435409948277
297,0.5009268156043318
298,0.011654760507581933
299,0.2623815108402569
300,0.06323721199738601
301,0.07676178984884602
302,0.1295933437574752
303,0.7331268145304383
304,0.040901950662183176
305,0.19086040100216173
306,0.41151754560231346
307,0.523091843656513
308,0.6953116418383787
309,0.7872820670570456
310,0.0475494914781347
311,0.01803202971678222
312,0.11727404373242985
313,0.0632066727556598
314,0.4142403164214467
315,0.7448508608625346
316,0.025336009384169012
317,0.3907954633168592
318,0.7358172625393593
319,0.5042033888988436
320,0.36499521615922537
321,0.6665779733568964
322,0.4704168719431426
323,0.10963452203988451
324,0.035981987058145495
325,0.6598724189461256
326,0.023513697315298683
327,0.2509829779560612
328,0.013627750454867922
329,0.3271251681772853
330,0.11143489948393416
331,0.31228901767185213
332,0.2886175559970536
333,0.17923364647983334
334,0.5888476344589615
335,0.13152256558648587
336,0.014036768836262245
337,0.24278561418566075
338,0.02370558920627139
339,0.021959302481387267
340,0.4830396011293283
341,0.2675729447915341
342,0.12543881290630884
343,0.20535257085195852
344,0.030266876788413805
345,0.060640409017934244
346,0.3865354345556335
347,0.3036555888319229
348,0.012615858936867872
349,0.35975368800845514
350,0.05979330501214475
351,0.02903790617526824
352,0.23490029689329106
353,0.08106316295590653
354,0.30922788677541974
355,0.02785250780450351
356,0.7773282843932281
357,0.5963524577803355
358,0.6203733061942135
359,0.5652453911942215
360,0.1907571893819218
361,0.016978061497723348
362,0.36043151115100397
363,0.0590318226399089
364,0.2740327321079677
365,0.012805417828874762
366,0.0666786753099956
367,0.1418744201130951
368,0.11904244397309335
369,0.09519574004032656
370,0.1265175401076189
371,0.2539108057473157
372,0.06332363159006531
373,0.8243268259882451
374,0.02792968603272834
375,0.1896941921386382
376,0.2670434882781842
377,0.18255217889521438
378,0.6344266751145841
379,0.5382471126680985
380,0.315611752804807
381,0.04272617861475269
382,0.033083696443715
383,0.40275248201806313
384,0.26168445351168773
385,0.49834668400558446
386,0.49155049147990265
387,0.025906544502055335
388,0.011172259098227187
389,0.02221526288235658
390,0.6467589922094569
391,0.02060517216181517
392,0.5967111496685419
393,0.36799399399552
394,0.11696503911579215
395,0.413080416760119
396,0.060640409017934244
397,0.030043170017029483
398,0.1491258404591176
399,0.022148968561367565
400,0.30922721569114425
401,0.1294975843299928
402,0.02500137071935699
403,0.23417702855809308
404,0.025139525341808525
405,0.5426418844315855
406,0.6356166276893546
407,0.3095849787569871
408,0.23789606257114942
409,0.015085715944490524
410,0.05139911265284254
411,0.056543205655161584
412,0.602506110563417
413,0.5130200950537137
414,0.23789606257114942
415,0.18305716507247188
416,0.020606789483582924
417,0.416306689276083
418,0.07577336507066303
419,0.0685922708532873
420,0.35012618971664355
421,0.20808587758441627
422,0.4433451287640992
423,0.1545439653843746
424,0.09028153941478666
425,0.6519094124274796
426,0.20082213917831446
427,0.06536178363256887
428,0.8324478254734505
429,0.1914961862031441
430,0.03390850965595847
431,0.11544831878647857
432,0.6128254026217573
433,0.6036442611403949
434,0.5656609659211841
435,0.7009704076942287
436,0.017364728758826477
437,0.03503250397386379
438,0.2452308347215418
439,0.4641837443709826
440,0.10342329557730895
441,0.22782549878451738
442,0.13746090852912465
443,0.034993293437155897
444,0.2587978110278008
445,0.013858513162920258
446,0.03778960988023895
447,0.030201453384900524
448,0.4587871598731936
449,0.10384690702959225
450,0.6085662627821684
451,0.3951112878455383
452,0.023695485673016495
453,0.577418973949174
454,0.0384891361680196
455,0.21953408189661794
456,0.18160495467692017
457,0.015516220065383966
458,0.036440627731440606
459,0.092461186688701
460,0.14859828529391775
461,0.023254719139403437
462,0.02776818150496037
463,0.026738431084546647
464,0.3036555888319229
465,0.18747741281416086
466,0.02285234654819445
467,0.7022638512545675
468,0.21809580301692405
469,0.043557859817392054
470,0.47156359531226616
471,0.4165796454238565
472,0.23789606257114942
473,0.2517519050487561
474,0.5307089851475794
475,0.04544831822213868
476,0.7273569856984786
477,0.04408695658625338
478,0.07111472044203807
479,0.2836476839086919
480,0.2920536799801767
481,0.02418624322877612
482,0.22077486906461777
483,0.5676726571923068
484,0.07543435827064843
485,0.33609214929102993
486,0.5030021756073705
487,0.2743219772024032
488,0.013025797132807238
489,0.05465223181607995
490,0.80703435438539
491,0.31234077237414076
492,0.2501569290738423
493,0.08537214265135064
494,0.07184982560309652
495,0.022906699102404244
496,0.09867313953388049
497,0.041047036891035435
498,0.6600749183415459
499,0.05520838613800693
500,0.7559330999681454
501,0.023989991093484778
502,0.19297374517620416
503,0.4124527187854616
504,0.30104491533584393
505,0.023610481747024094
506,0.13083513826120313
507,0.2233740278312086
508,0.5914164266470388
509,0.10465232281823085
510,0.7021501251132275
511,0.32845864733135627
512,0.5873703085683901
513,0.5310046712405162
514,0.12527606622610646
515,0.05612570282980847
516,0.22774820348396096
517,0.8568306361715229
518,0.4122301426709956
519,0.021935101550565935
520,0.5466719891085775
521,0.08174127551854528
522,0.018177679987900784
523,0.20287659705048655
524,0.8386894166339213
525,0.14401310754374444
526,0.37155956635640985
527,0.12049700143283121
528,0.5589175169454305
529,0.06885669352862274
530,0.0450119804667064
531,0.08877689622667652
532,0.16000958154742237
533,0.3661345816864146
534,0.760451632976922
535,0.6502592906095825
536,0.39470780434457575
537,0.07182053284433002
538,0.4551060626567805
539,0.14052261624948806
540,0.5623557595269412
541,0.7154538941390787
542,0.14896078525792225
543,0.13273662735702949
544,0.1534471750928616
545,0.2757779852713843
546,0.42008455865912864
547,0.04298868518055376
548,0.2904396357734824
549,0.050510628141638196
550,0.08020373068697596
551,0.03162981664377715
552,0.024919772880403902
553,0.18837576507776949
554,0.1347088775393798
555,0.046516627082826
556,0.66140002004989
557,0.6090502619174365
558,0.13869598681669532
559,0.2525900046000552
560,0.449703246105641
561,0.013747160146904372
562,0.026997475683430496
563,0.01498904660445488
564,0.2562199871213014
565,0.24536312400567764
566,0.6573116403010509
567,0.1036261380023473
568,0.5039000596926277
569,0.06386680545826873
570,0.019654702551240067
571,0.6416655202149567
572,0.6648161809247896
573,0.19297374517620416
574,0.021076691965907893
575,0.2955036799908464
576,0.19934284915520845
577,0.556339854001126
578,0.41970247156026785
579,0.7067427906965402
580,0.02549941483038873
581,0.5945441100474989
582,0.013773196694245857
583,0.026795145563594542
584,0.20271588068739407
585,0.020073555364208844
586,0.16611817896799008
587,0.06812955554539604
588,0.8333779350024848
589,0.3719139864777357
590,0.8729856209561556
591,0.0831190287366269
592,0.5292730941524906
593,0.04500941553678114
594,0.4309512559649189
595,0.5076990972237493
596,0.01180029730026203
597,0.460613673113186
598,0.4483460948919092
599,0.04666161979075232
600,0.015408232517031882
601,0.21896254854694547
602,0.10214547860129125
603,0.6065442009177509
604,0.03681771638482389
605,0.26303892348202834
606,0.10301987832475278
607,0.5894643611807218
608,0.058891486152487627
609,0.15167379483259733
610,0.49568873445918826
611,0.18747741281416086
612,0.3481827713110725
613,0.16994326237500826
614,0.09738785617252171
615,0.01618766119086421
616,0.45955958997796476
617,0.12476412089197278
618,0.018433698976449534
619,0.1799294921637982
620,0.025766458759989022
621,0.30872411628321345
622,0.6972218699383845
623,0.8359671693490728
624,0.07433377375427518
625,0.14903517386465706
626,0.019498290747267655
627,0.028336910661737564
628,0.6456932425228239
629,0.15260868736153188
630,0.4704904761180285
631,0.026182955723407106
632,0.5433672827388839
633,0.021199384344603913
634,0.5743219043723858
635,0.019067748342569177
636,0.1106596797885425
637,0.16222828461268493
638,0.15717586845244308
639,0.591344341299036
640,0.8179794059305467
641,0.17733995159339982
642,0.13939822400029617
643,0.18584295546807192
644,0.2933972859939192
645,0.0359956566517985
646,0.11567196461203602
647,0.07795837624125415
648,0.012119357554649173
649,0.06224870922636301
650,0.03690526458461732
651,0.7381716296684473
652,0.04408051627232414
653,0.20077920594724608
654,0.1955929621917776
655,0.577418973949174
656,0.1697662198999764
657,0.13106709381930345
658,0.060676049593731546
659,0.4322938092953799
660,0.04125330598108298
661,0.0346054090180748
662,0.42005917289418365
663,0.2703779750128706
664,0.03627159776181398
665,0.6880495768418565
666,0.8577990979498651
667,0.1638146214525135
668,0.03279052497567357
669,0.014041917403828286
670,0.02756430397183649
671,0.49934092499417726
672,0.569027793557978
673,0.40695854512682567
674,0.7253116586884408
675,0.0756993748060589
676,0.015604062530244043
677,0.2676378034182388
678,0.2793712804299473
679,0.6569958934331009
680,0.4997125859242122
681,0.1234611116137349
682,0.017749068568406853
683,0.37964219918816283
684,0.05006041363174175
685,0.3162017142569398
686,0.033459652330400214
687,0.040316146530324684
688,0.2935594060940432
689,0.21019352556814255
690,0.655512211249141
691,0.8101130918767231
692,0.3242062354012553
693,0.25824737731168135
694,0.060676049593731546
695,0.563478047988843
696,0.41619101486809146
697,0.013620605811400503
698,0.030147082676589013
699,0.10694463060911727
700,0.07364524593745676
701,0.09158693415742286
702,0.1020785022591783
703,0.10614290348442709
704,0.8593727470123967
705,0.014059488641418974
706,0.08527403672676698
707,0.7519685871422864
708,0.02407177382511547
709,0.09218169647677976
710,0.061826058430561666
711,0.19190922922707954
712,0.32076858596925883
713,0.24536312400567764
714,0.17738821341685468
715,0.16429094632516464
716,0.7218716650760848
717,0.05292290915269113
718,0.37586865703215777
719,0.7858503573205544
720,0.1279668242061544
721,0.30238964587331246
722,0.23518166776530888
723,0.48170717608265173
724,0.136757131065506
725,0.6862130344107926
726,0.01672909968254378
727,0.332565808232004
728,0.2013758781589211
729,0.021993229765260705
730,0.014027268617907897
731,0.6661031060774232
732,0.013055523438901531
733,0.02554674478380818
734,0.05217940022851107
735,0.4819243067228759
736,0.02375336235836439
737,0.26524325858932707
738,0.42564879079080353
739,0.42550442761230606
740,0.3006429562730243
741,0.3346799200525012
742,0.3176846279991112
743,0.41979422094732227
744,0.1415596892043133
745,0.16904025068575654
746,0.08265884868577497
747,0.38036806681470825
748,0.01174359414627442
749,0.6203743584103452
750,0.43779421447287753
751,0.04069988063948076
752,0.18932735191503886
753,0.14157669734498732
754,0.5971875976019567
755,0.08503695931773556
756,0.12165731133271487
757,0.404788883114848
758,0.06699123251072972
759,0.7108273336286892
760,0.3604804275335698
761,0.6095365315357838
762,0.7106587495490039
763,0.1288153498909652
764,0.13744183867303664
765,0.1046183166649199
766,0.4849603152890855
767,0.08228428913069104
768,0.1641695156467247
769,0.3969746235971936
770,0.5510264557952572
771,0.03595652132620833
772,0.7315593326493903
773,0.18670657171512192
774,0.5553551838966728
775,0.07604623602785045
776,0.08640604964776076
777,0.534149698101128
778,0.05535902759455847
779,0.6282825213724795
780,0.09234934978782405
781,0.44109248491670133
782,0.557527937738512
783,0.6584164597429107
784,0.02652865730684337
785,0.6049874104311789
786,0.13880499122167558
787,0.14775319073536322
788,0.4907343143307484
789,0.023287325900567764
790,0.49539185931434604
791,0.6257460240477511
792,0.023910213140073664
793,0.5424928980195342
794,0.6219220821649609
795,0.5468350707918468
796,0.34364627373589024
797,0.015614116478019543
798,0.09496202723983914
799,0.06180737226868107
800,0.31460217198747126
801,0.28416446826554353
802,0.021739830246040998
803,0.6859177100767895
804,0.012134983699830276
805,0.16766035869962323
806,0.012745331632049486
807,0.4902357558055115
808,0.1346978795285619
809,0.2032019682457563
810,0.12860267391363195
811,0.2921788138912949
812,0.34551213731200203
813,0.22153733993963043
814,0.037197306228943135
815,0.5758385165313454
816,0.21311341211199095
817,0.23355424423865387
818,0.01658485729326012
819,0.0494747112950553
820,0.1390357397201022
821,0.7560298647516231
822,0.012618087448323158
823,0.04116560061327018
824,0.11771966473025883
825,0.021993229765260705
826,0.015085715944490524
827,0.45600128794067163
828,0.6670051444744977
829,0.6528290177464141
830,0.8099882010543973
831,0.8179794059305467
832,0.24536312400567764
833,0.4117156461354653
834,0.2589652672589387
835,0.3369668206678729
836,0.06926066780306987
837,0.7076031084342912
838,0.4148408337904674
839,0.3364458715386187
840,0.3036555888319229
841,0.23789606257114942
842,0.141924787906082
843,0.423031818007844
844,0.019013825520860856
845,0.3487358677689
846,0.5486028128615513
847,0.8280816060902983
848,0.02420373084682155
849,0.24270162506894635
850,0.44194807097506617
851,0.10999662954834384
852,0.019061426583430782
853,0.21804670489395594
854,0.22356643501908446
855,0.11158342941821318
856,0.49772716470267675
857,0.12139736755136989
858,0.6648161809247896
859,0.01517074322075923
860,0.49105046331333624
861,0.10023510167056916
862,0.11361138711114403
863,0.5055482794621768
864,0.14697335116307178
865,0.040122272421690613
866,0.1049152101345788
867,0.38373299622574064
868,0.22851629967185674
869,0.39851392862930446
870,0.6943210283006644
871,0.12203909397713335
872,0.07762215528684195
873,0.4575829796130104
874,0.6098485476460601
875,0.4081989036693455
876,0.2581272548027531
877,0.12335155369598681
878,0.023853221271958148
879,0.1368052351766586
880,0.1930369607196253
881,0.07557535955003361
882,0.011777984810656613
883,0.7501752969776894
884,0.04363445576525817
885,0.30825186815385264
886,0.22179071195455
887,0.0203541107533056
888,0.06018208766759237
889,0.32485337020786154
890,0.3395162094580785
891,0.11087426167767406
892,0.012761132390541212
893,0.7320181462080021
894,0.0489443477283313
895,0.031878169828349276
896,0.04714416140904666
897,0.3900627787083869
898,0.08731570993047566
899,0.7517341115133759
900,0.022324525961877114
901,0.22460037262796467
902,0.10211670901181553
903,0.07191274584345829
904,0.1637395445669864
905,0.013133340243086829
906,0.5174736980266812
907,0.014285446110735102
908,0.025954491952132782
909,0.7293782866613399
910,0.02275089883021645
911,0.024213585611949983
912,0.013500183883962713
913,0.47888146967118533
914,0.12574937153220722
915,0.06030070560859699
916,0.6949662888942479
917,0.4693308625859169
918,0.23789606257114942
919,0.7650542930396736
920,0.16696868477462012
921,0.7826202411507214
922,0.10489554626807077
923,0.10118673120098662
924,0.6254321887276838
925,0.10894676937628439
926,0.06589632746609923
927,0.24536312400567764
928,0.08222960255655772
929,0.14722098555796298
930,0.7571236592040036
931,0.48916110648583516
932,0.7572953062142065
933,0.03763329282864468
934,0.09583847799158518
935,0.06152082855649469
936,0.012467547327995156
937,0.2957738441185116
938,0.13496911411218018
939,0.042705735997017116
940,0.011704138266610323
941,0.6752589064533794
942,0.47595707508191665
943,0.014986438865178562
944,0.17376202643711708
945,0.6679378277446182
946,0.32772693881126735
947,0.04057950784211193
948,0.07958054653364814
949,0.4397144739853954
950,0.7680898466569991
951,0.03195826638939876
952,0.24536312400567764
953,0.41055403335312385
954,0.2530815832108552
955,0.1742997944869634
956,0.17165610075930193
957,0.413738055561471
958,0.06152082855649469
959,0.11112706356035545
960,0.33066270259068686
961,0.4375052052177477
962,0.12320236483205912
963,0.024717864278525865
964,0.540096900544148
965,0.6808792447286149
966,0.21461581861979417
967,0.024838785551730486
968,0.14036513198414338
969,0.05356954449054155
970,0.025067636470593048
971,0.03157336343445757
972,0.3453271250761129
973,0.1678255913945216
974,0.013625664759584277
975,0.45337357319646465
976,0.09662866475837995
977,0.06135305787029907
978,0.4148032468590755
979,0.08885864167145649
980,0.6665598149682596
981,0.09452787786023027
982,0.32777127461538297
983,0.013474499783302311
984,0.5676726571923068
985,0.05032116578638001
986,0.062114506630747274
987,0.5682883044943617
988,0.33329570370523537
989,0.049947067695901994
990,0.6585042190030911
991,0.5765025146631579
992,0.22167061869097804
993,0.13531426002692648
994,0.6044692302491699
995,0.3755736775649138
996,0.18747741281416086
997,0.011931021620363278
998,0.8313446973754385
999,0.02338551484366665
1000,0.023682999177862114
1001,0.20988272994316068
1002,0.23789606257114942
1003,0.2471512946956288
1004,0.4325594780503122
1005,0.011838199004297488
1006,0.025148773156826964
1007,0.07229378150069604
1008,0.08240648164124016
1009,0.2128018651942757
1010,0.5584885120921753
1011,0.38617730642508485
1012,0.15097259774385838
1013,0.22642834510319979
1014,0.12317082006776106
1015,0.018151318313336808
1016,0.011126226112577705
1017,0.13580264264452435
1018,0.5482961315872733
1019,0.8219579458676101
1020,0.6510795553987654
1021,0.01562984180787484
1022,0.10442826823288998
1023,0.025107826487644064
1024,0.09421505789409763
1025,0.8320817186476778
1026,0.4577219007573495
1027,0.07455419909303738
1028,0.05258085312384165
1029,0.708710419503047
1030,0.24231237683342025
1031,0.013139611409282175
1032,0.05670967821118194
1033,0.1275912305161789
1034,0.10548112099996358
1035,0.5512296865098605
1036,0.5145569912894913
1037,0.13679510592838903
1038,0.3113896263813617
1039,0.013133340243086829
1040,0.5176629993624575
1041,0.20161678165138225
1042,0.5087606647284129
1043,0.01174749874481343
1044,0.11224859034550148
1045,0.011649089854333324
1046,0.01423601208975175
1047,0.24590864910725188
1048,0.6804152866326749
1049,0.07846641154174022
1050,0.3106780570756125
1051,0.1869334126773677
1052,0.12706133500544795
1053,0.031136501180438786
1054,0.018166708695058816
1055,0.05078769172502705
1056,0.15940142001835797
1057,0.10781766116137528
1058,0.1367066201066262
1059,0.5320137628567994
1060,0.3963016269665069
1061,0.05037200766177676
1062,0.11712303636417307
1063,0.023520129786915783
1064,0.10010814122071772
1065,0.3433244675194633
1066,0.10424537074617563
1067,0.20204194097170575
1068,0.04363581875535723
1069,0.012977773361865508
1070,0.07121153543901194
1071,0.1552779737335805
1072,0.1090779360478599
1073,0.16247828973911882
1074,0.062239411386369806
1075,0.0442012142417874
1076,0.05378585736999245
1077,0.42387859317747945
1078,0.11885054711616387
1079,0.5849641235691795
1080,0.01991369797198847
1081,0.8031790948907886
1082,0.4599293299347671
1083,0.05774091561178104
1084,0.5919253418428753
1085,0.32684745676655586
1086,0.4548597257824611
1087,0.034670306239811315
1088,0.6524028953219017
1089,0.758481885473146
1090,0.1628422799721121
1091,0.6409249087993981
1092,0.06838939790627371
1093,0.5654502382668
1094,0.3764051717892345
1095,0.08095024991906705
1096,0.06557448651345815
1097,0.1997588099568221
1098,0.28956712384896427
1099,0.09310932834054102
1100,0.5514508950791062
1101,0.2795823881643327
1102,0.11109253736579229
1103,0.060676049593731546
1104,0.021426290134357345
1105,0.1010907203748609
1106,0.020206398897978664
1107,0.028176960653296727
1108,0.013805797864675614
1109,0.31589056537231797
1110,0.724929177422857
1111,0.04374267175247959
1112,0.014004469382544203
1113,0.09512406591318666
1114,0.08715735179086134
1115,0.461111432380248
1116,0.24486717935205143
1117,0.15625726191666897
1118,0.02811967409620979
1119,0.14542673355113858
1120,0.07991900112497445
1121,0.16495122484277266
1122,0.3963933453477699
1123,0.45269480122717226
1124,0.02285234654819445
1125,0.022902017508763483
1126,0.3421768082988539
1127,0.4808964035788218
1128,0.1400966881807448
1129,0.4347500227132715
1130,0.3147224564044541
1131,0.02052821186602937
1132,0.11189581643981991
1133,0.1314514247976705
1134,0.6669139344219631
1135,0.6409185455804459
1136,0.023067750046959552
1137,0.08428907853472588
1138,0.576890435307957
1139,0.015643648741387194
1140,0.586375991796308
1141,0.5706026844325167
1142,0.0938044790355086
1143,0.10980408101204046
1144,0.49488293020203644
1145,0.3114237231329482
1146,0.09349226446029517
1147,0.15489906658106883
1148,0.015516220065383966
1149,0.042727723524145396
1150,0.29982498887530873
1151,0.39827809465656183
1152,0.5059197154882062
1153,0.011677796071599758
1154,0.16464259023693334
1155,0.10659664178696655
1156,0.011155118105711109
1157,0.19297374517620416
1158,0.4997125859242122
1159,0.8110656363130118
1160,0.011704745253162443
1161,0.23319843970702933
1162,0.26302688632694343
1163,0.22698438060354548
1164,0.020890927588902448
1165,0.5823478921570138
1166,0.13094991759531147
1167,0.015195358462049256
1168,0.18134863085925343
1169,0.013346689090241415
1170,0.04215173891171963
1171,0.06465715993274486
1172,0.21139321003856956
1173,0.08419338371460842
1174,0.12838833639395802
1175,0.6182850396934468
1176,0.19644710848677852
1177,0.029852130758996006
1178,0.4190427379793664
1179,0.05774538759423771
1180,0.023878500941694646
1181,0.013330518574690359
1182,0.270761591378398
1183,0.054810603077361034
1184,0.09806109303359631
1185,0.14271499062639975
1186,0.6405374989752554
1187,0.5809605525570694
1188,0.013754380111840542
1189,0.12692539396443894
1190,0.11112083275569225
1191,0.0637360645387208
1192,0.17883619028050524
1193,0.4482730902940388
1194,0.5418079900971366
1195,0.05623158054202914
1196,0.1402207253202516
1197,0.10445561381224489
1198,0.039848769502385153
1199,0.33408964860525725
1200,0.09409841485646413
1201,0.02934822611511498
1202,0.03558087944799764
1203,0.5526260976291267
1204,0.33931720034306095
1205,0.20548481433652224
1206,0.5186133678237119
1207,0.10458677277138433
1208,0.44258258472919926
1209,0.060165949195187675
1210,0.3205359891921943
1211,0.035335945641148815
1212,0.08277431896331514
1213,0.8405533701266252
1214,0.16070401506791515
1215,0.3961511283448955
1216,0.24359153669780437
1217,0.6285940256853889
1218,0.2233442200370645
1219,0.10047085649728474
1220,0.013029665544912748
1221,0.32186725895295243
1222,0.829621362501764
1223,0.39745817201062617
1224,0.06056475100312288
1225,0.4007858282942106
1226,0.7650542930396736
1227,0.6214822364818442
1228,0.532684496587365
1229,0.7879218919654251
1230,0.012297595794783194
1231,0.6461834258577548
1232,0.6210936678066422
1233,0.48978589579552806
1234,0.23461763166038602
1235,0.013198354893890598
1236,0.8577990979498651
1237,0.563272510933901
1238,0.5386352820315335
1239,0.01943315603925139
1240,0.18682844431760204
1241,0.08047183476991565
1242,0.013713696899020574
1243,0.7402300418691429
1244,0.01498010088985485
1245,0.11047334913356158
1246,0.423031818007844
1247,0.1416958565891421
1248,0.0981601361277012
1249,0.1294916094743803
1250,0.07894921010737249
1251,0.37852520561988545
1252,0.011718129035004765
1253,0.8357717569041151
1254,0.1188397820811037
1255,0.011248292037775498
1256,0.5829327637934083
1257,0.6061548782312202
1258,0.011777984810656613
1259,0.31234077237414076
1260,0.8246586740092705
1261,0.023543437376048363
1262,0.23543427469425343
1263,0.31205122340781727
1264,0.20423116020064683
1265,0.2990519590792561
1266,0.4724978092887731
1267,0.29411008054377136
1268,0.6165801885584996
1269,0.4065623611363069
1270,0.03768415078343814
1271,0.020268611021523907
1272,0.15207930252352228
1273,0.02082493134296939
1274,0.012365070453416874
1275,0.16642326477090383
1276,0.029473993132871364
1277,0.011838081828988635
1278,0.09895718517601315
1279,0.2563827407651088
1280,0.06781788192761967
1281,0.5293035776014867
1282,0.7806761471524568
1283,0.24536312400567764
1284,0.5673238460838385
1285,0.15854811075093392
1286,0.12026874532936963
1287,0.5271033514927335
1288,0.4849126350279863
1289,0.07029617762394921
1290,0.19132230615295195
1291,0.5887659755842989
1292,0.053916342920587716
1293,0.031664989660455736
1294,0.16400583388244372
1295,0.47025457532324827
1296,0.08957891051625523
1297,0.22267348450150118
1298,0.5180317192678554
1299,0.5146257240562242
1300,0.6400552247997918
1301,0.8267805546975899
1302,0.12367169746760481
1303,0.6296780135692943
1304,0.13348456143140663
1305,0.062305962422357135
1306,0.19686237070725762
1307,0.04179433927492055
1308,0.1665579486114243
1309,0.8221214115833055
1310,0.18718629061774222
1311,0.4689208291877999
1312,0.4257620938826278
1313,0.02130410209711457
1314,0.020072021900486226
1315,0.2901160183864769
1316,0.011688288984926968
1317,0.5048214330988309
1318,0.027616631402067195
1319,0.013934052124890387
1320,0.1322729121537419
1321,0.02389392538639221
1322,0.3036555888319229
1323,0.23551413489039272
1324,0.06092848893904405
1325,0.4619911853933507
1326,0.6154202202020753
1327,0.1602137023478518
1328,0.6953512200176957
1329,0.22938621319467684
1330,0.7399934176096457
1331,0.16785673181483773
1332,0.17143510799669634
1333,0.20959863774858079
1334,0.013029665544912748
1335,0.6669382722816088
1336,0.05661538337775632
1337,0.5677683116845827
1338,0.013912518096645402
1339,0.7455336512948195
1340,0.020633199926893206
1341,0.2580280011860816
1342,0.016002412935831954
1343,0.0966020415720291
1344,0.0660063673695258
1345,0.10900572183109064
1346,0.04663234644408002
1347,0.013252165029686166
1348,0.6801689903308306
1349,0.02983774968164274
1350,0.020547748911693555
1351,0.02052821186602937
1352,0.04133433405282166
1353,0.3872155832329583
1354,0.23825000695652546
1355,0.6210030494222146
1356,0.06254313404904904
1357,0.42910980615263267
1358,0.015879884450862577
1359,0.17173293805618067
1360,0.13423595150529244
1361,0.11926316856285221
1362,0.6009278249218316
1363,0.01583702398092774
1364,0.13605515439699134
1365,0.43699293095412206
1366,0.24287971686966392
1367,0.04593037625792487
1368,0.14563462288940587
1369,0.06086810887197658
1370,0.04042320658480937
1371,0.6400631823182807
1372,0.023365949612307355
1373,0.1558561421891494
1374,0.02476573461189992
1375,0.215614939159344
1376,0.0831251457553589
1377,0.3974497165973962
1378,0.343637261238103
1379,0.14300703341655854
1380,0.7391229250562755
1381,0.5228521077263609
1382,0.4206792185821631
1383,0.011845512779642514
1384,0.44492610225496315
1385,0.7190678581793098
1386,0.6265785427301297
1387,0.0861337273881382
1388,0.5753773106761384
1389,0.5646578961412088
1390,0.5356621286937476
1391,0.03770119339767342
1392,0.7335745762040687
1393,0.1463401826194619
1394,0.025941556223077502
1395,0.4444013919338049
1396,0.12713845978400776
1397,0.014560343049136362
1398,0.3023497055291251
1399,0.22058981988104107
1400,0.23262354139293442
1401,0.05332710600847245
1402,0.31234077237414076
1403,0.015101199975573909
1404,0.14303987786978076
1405,0.1401884951507042
1406,0.24536312400567764
1407,0.3036555888319229
1408,0.11692827610047613
1409,0.013346689090241415
1410,0.058900010033918274
1411,0.02371962009350852
1412,0.45391663910988506
1413,0.5985948536218458
1414,0.020795957457740006
1415,0.08721433152155111
1416,0.23638818477051948
1417,0.014055630165495785
1418,0.07186227397014221
1419,0.39157794953718045
1420,0.07278431856250771
1421,0.011796071484903697
1422,0.02135128935561245
1423,0.013880532959357187
1424,0.10243639561250444
1425,0.07717967144328172
1426,0.03437987890185296
1427,0.10203592622609664
1428,0.7356776976340313
1429,0.35862720343823173
1430,0.19000655495233928
1431,0.24736137105048775
1432,0.31167282189289686
1433,0.022014750800794312
1434,0.7408037378475462
1435,0.2836210641173216
1436,0.2547612647899474
1437,0.14377330324676973
1438,0.35054112521565106
1439,0.39665458122935765
1440,0.23789606257114942
1441,0.4694680918344472
1442,0.07771602661360803
1443,0.6118228870487945
1444,0.1820204529071859
1445,0.14694917222760445
1446,0.29329608289766856
1447,0.16737584172702605
1448,0.09618713758563345
1449,0.8402666735316768
1450,0.043565387317970675
1451,0.6944196820097748
1452,0.48806369252710463
1453,0.02446241446725687
1454,0.21266106169590243
1455,0.049983856559553376
1456,0.09660824663808379
1457,0.20043062320971838
1458,0.18631494526685702
1459,0.8179794059305467
1460,0.7522886037889114
1461,0.023872342786072993
1462,0.013088807793578067
1463,0.23789606257114942
1464,0.3767406931277254
1465,0.5699160286901755
1466,0.031487158372411825
1467,0.028059500148496043
1468,0.02501901322465584
1469,0.41831650717403074
1470,0.23018378929112945
1471,0.03850323255087507
1472,0.3810571639631006
1473,0.42107498945798144
1474,0.3663671849572462
1475,0.7802614937278319
1476,0.04317055463721418
1477,0.04171316987031909
1478,0.2813666084046092
1479,0.3911222741340856
1480,0.02852679124976536
1481,0.31234077237414076
1482,0.014422755773781392
1483,0.08916049950042086
1484,0.15384882976289954
1485,0.24536312400567764
1486,0.06039622305158472
1487,0.14624278595758478
1488,0.3018749803030487
1489,0.2175310200421431
1490,0.6044692302491699
1491,0.025767389054967216
1492,0.013644921504789662
1493,0.18470489314211846
1494,0.7116554439270134
1495,0.3771190412804304
1496,0.3343551499159884
1497,0.16948239884389177
1498,0.25210555806861173
1499,0.13217624865404182
1500,0.060676049593731546
1501,0.04553517119274018
1502,0.011031059984502394
1503,0.08127055705415778
1504,0.8793877842667391
1505,0.39830495457981896
1506,0.6578016200712178
1507,0.1977281260879604
1508,0.6267720714539116
1509,0.4548816303518244
1510,0.1126073237216104
1511,0.06381879379430237
1512,0.12905514556604256
1513,0.1956835065204467
1514,0.054480176066528586
1515,0.5462466954531687
1516,0.05761637723961705
1517,0.5721438125643519
1518,0.3490107734341204
1519,0.09774119388633659
1520,0.06781788192761967
1521,0.08171927133433442
1522,0.01923037448347851
1523,0.1750713519107321
1524,0.024032252696796
1525,0.527165641482879
1526,0.09341474621063406
1527,0.6968782546068717
1528,0.10594479269213322
1529,0.5124293904744459
1530,0.20095001476319369
1531,0.13915856708128396
1532,0.012988893923179933
1533,0.13323481537186863
1534,0.03558048729062923
1535,0.15406612394721714
1536,0.05445144953871081
1537,0.2975690924829575
1538,0.011031059984502394
1539,0.5060717854830681
1540,0.08163955635285987
1541,0.5926779600213679
1542,0.37257625572901726
1543,0.011718623216897872
1544,0.032456843300229195
1545,0.5637846713818836
1546,0.17532764090709405
1547,0.2810728124421708
1548,0.465951882604121
1549,0.12342843168817602
1550,0.7888773988336355
1551,0.5663692147730199
1552,0.4176650111602343
1553,0.014768191369093027
1554,0.020540451095130887
1555,0.05004038732765168
1556,0.3857105612099291
1557,0.5439105047758962
1558,0.05900847902895292
1559,0.02329816114759501
1560,0.3494387361707591
1561,0.020524766943645113
1562,0.04681857310231014
1563,0.49670254709168304
1564,0.09619550870293306
1565,0.20488699587478662
1566,0.022942560124634147
1567,0.062221540377074044
1568,0.7011749998182061
1569,0.020520891222257746
1570,0.320132219972238
1571,0.10897603914809258
1572,0.21375124793412895
1573,0.02070087881064048
1574,0.5092370488170264
1575,0.8327312717164462
1576,0.0585042623837628
1577,0.04311739664195463
1578,0.22728879013522965
1579,0.3152662119932278
1580,0.7482035948035534
1581,0.05186812052234113
1582,0.24536312400567764
1583,0.022280892581517626
1584,0.5253460689822357
1585,0.40560710935275884
1586,0.030950333841460516
1587,0.10589774525592516
1588,0.013934052124890387
1589,0.3566761839098249
1590,0.2965904312866311
1591,0.3358015139146755
1592,0.8160963499337544
1593,0.1981630594728155
1594,0.011763880715013907
1595,0.25395734890999894
1596,0.1361224870752343
1597,0.17336603308120915
1598,0.09912487689804397
1599,0.32736758450521525
1600,0.6041504498499479
1601,0.40135352853789286
1602,0.6991466585671252
1603,0.5828722870878665
1604,0.023186683401678464
1605,0.2095471144244661
1606,0.14677188849592238
1607,0.18446188303898595
1608,0.020417478086558027
1609,0.5737051083746985
1610,0.09219575126317313
1611,0.2092850012458598
1612,0.7548877715847363
1613,0.11715743117141295
1614,0.204461993274087
1615,0.18670657171512192
1616,0.2496733683746903
1617,0.22636084342656376
1618,0.37973917768068816
1619,0.4879867828226827
1620,0.03695769944588341
1621,0.29908406201834076
1622,0.03388811520147605
1623,0.35092245685955614
1624,0.019930591805349902
1625,0.041553031701029024
1626,0.015572897903428399
1627,0.09641595435202349
1628,0.4468712995126971
1629,0.33775517364396473
1630,0.09395294186405197
1631,0.04087986216902667
1632,0.26432794120631514
1633,0.12833808748173053
1634,0.12548721415106895
1635,0.013055523438901531
1636,0.014118814372380412
1637,0.8579823884481673
1638,0.587964398775706
1639,0.452629978378395
1640,0.5770930455670941
1641,0.20052881457118757
1642,0.026488756796289196
1643,0.14969237894092485
1644,0.3028141735718426
1645,0.35701879475488385
1646,0.03575402017768982
1647,0.3756547703433825
1648,0.19150701335468662
1649,0.5188251469755093
1650,0.05950359436814587
1651,0.13604921622127458
1652,0.16839490628091505
1653,0.6551142643630661
1654,0.023431139801119265
1655,0.32181903227860403
1656,0.059760131380447105
1657,0.03949911783242269
1658,0.030584863511528348
1659,0.31016894227778447
1660,0.25533012786050713
1661,0.024332454656836644
1662,0.01405957041807946
1663,0.30356061591721195
1664,0.1857325877458907
1665,0.8179794059305467
1666,0.12405439605180159
1667,0.1324951200067056
1668,0.031902848857848484
1669,0.0904936640410869
1670,0.8221214115833055
1671,0.3036555888319229
1672,0.0801929197324682
1673,0.22388488858467182
1674,0.05383541452025921
1675,0.26694837338976957
1676,0.3412118734716982
1677,0.0322324968079615
1678,0.32460533821924575
1679,0.24862044525462706
1680,0.1444679729160016
1681,0.023005063769920342
1682,0.6520022076964608
1683,0.38352169347121695
1684,0.6107258368165132
1685,0.02043388928528067
1686,0.7168133987180119
1687,0.19581733910698576
1688,0.31155692568866744
1689,0.10148290888338439
1690,0.0223164580097529
1691,0.4042172374150835
1692,0.12524602654076475
1693,0.37505891825421467
1694,0.05653197156507312
1695,0.19066732393295294
1696,0.4277653718334112
1697,0.2593270191914166
1698,0.11130455289109363
1699,0.15586130708256282
1700,0.06838939790627371
1701,0.20026866889431413
1702,0.033272368036734855
1703,0.041765734237343935
1704,0.689601676065575
1705,0.11768186947475677
1706,0.4997125859242122
1707,0.305209448438428
1708,0.5638961199634137
1709,0.5196293352688288
1710,0.014172674795742272
1711,0.31234077237414076
1712,0.0581617852854758
1713,0.4614765044318714
1714,0.14206284532153557
1715,0.015101199975573909
1716,0.3470193915107721
1717,0.02132664583083717
1718,0.018103197166756714
1719,0.2686708140161193
1720,0.012977773361865508
1721,0.5942747131134757
1722,0.3934136523942538
1723,0.015579050245951883
1724,0.7417762633648142
1725,0.41174514090937314
1726,0.4206732932910456
1727,0.06388388004063973
1728,0.019204023242466357
1729,0.7141141424606235
1730,0.6488844804886528
1731,0.548191818293899
1732,0.35211800708133656
1733,0.07495468161442737
1734,0.2765167110626616
1735,0.38676186924044986
1736,0.08486733909388733
1737,0.6012095913769431
1738,0.019673554830523195
1739,0.040901950662183176
1740,0.5894206367526239
1741,0.25166675960064083
1742,0.013866607008047718
1743,0.28227929526304985
1744,0.02043388928528067
1745,0.020728447575045997
1746,0.23537252757612168
1747,0.024521341021907436
1748,0.08008920002355766
1749,0.011386051594913515
1750,0.3073017914169648
1751,0.45587340138050875
1752,0.2435395002687265
1753,0.6913377419932657
1754,0.08163955635285987
1755,0.048031927334522176
1756,0.12926175701557494
1757,0.02077124347310014
1758,0.7822860858136584
1759,0.558217631444867
1760,0.02052763890265438
